moment,file1_mean,file1_std,file1_n,file2_mean,file2_std,file2_n,known_value,known_error,file1_minus_known,file2_minus_known,file2_minus_file1,file1_known_combined_error,file2_known_combined_error,file2_file1_combined_error
H04_2_0,-0.1868171342807104,8.162352307753277e-06,413,-0.1796458821444023,0.0005305790995778521,676,0.16988,0.0250067,-0.35669713428071037,-0.3495258821444023,0.007171252136308093,0.02500670133212286,0.025012328141756593,0.0005306418800886717
H04_2_1,0.013286926156750948,6.052176514615251e-06,413,0.015176565114010747,0.002211963280648753,676,0.0597211,0.0095559,-0.04643417384324905,-0.04454453488598925,0.0018896389572597982,0.009555901916556102,0.009808568007866307,0.0022119715603458735
H04_2_2,-0.002811923012227106,5.6093301974831535e-06,413,-0.005238393769878453,0.000163045704438883,676,0.00725049,0.00505711,-0.010062413012227106,-0.012488883769878452,-0.0024264707576513466,0.005057113110924578,0.0050597376862675375,0.00016314216598180858
H_1_0_0,0.146598383337481,3.2173349235942525e-05,413,-0.023101476881437454,0.0029463525129608975,676,0.1278,0.0441207,0.01879838333748099,-0.15090147688143746,-0.16969986021891845,0.04412071173059656,0.044218968346407976,0.002946528169733331
H_1_2_0,0.04833418914995616,6.314260548571787e-06,413,-0.02282637942458615,0.0008417434734642404,676,0.02736,0.0131891,0.02097418914995616,-0.05018637942458615,-0.07116056857454231,0.013189101511470987,0.013215933220363957,0.0008417671560508402
H_1_2_1,-0.08115488003908607,5.852661098062976e-06,413,0.07968633708602685,0.0020542982922608544,676,0.0608296,0.00984683,-0.14198448003908606,0.01885673708602685,0.1608412171251129,0.009846831739323159,0.01005883703628237,0.002054306629310189
H_1_2_2,-0.15123857572244703,1.1887809508351138e-05,413,0.22334138606039938,0.00405467464968698,676,0.228978,0.00915205,-0.38021657572244705,-0.005636613939600604,0.3745799617828464,0.00915205772067216,0.01001001527058347,0.004054692076450336
H_2_2_1,-0.004689322787080616,6.334301348311401e-06,413,-0.029772639424463555,0.0013887521022518448,676,-0.0703905,0.00843535,0.06570117721291938,0.040617860575536444,-0.02508331663738294,0.008435352378287084,0.008548904141701959,0.0013887665480139164
H_2_2_2,0.19569178950326563,1.1898941753028561e-05,413,0.16454157252248086,0.003842236812614063,676,-0.225353,0.00727032,0.4210447895032656,0.38989457252248083,-0.031150216980784767,0.007270329737172506,0.008223158555360993,0.0038422552373601516
H_3_2_1,-0.04602898224510136,1.6490959447786485e-05,413,-0.09893054615691198,0.0032926427780316765,676,0.00942236,0.0186321,-0.05545134224510136,-0.10835290615691198,-0.05290156391181062,0.018632107297934485,0.018920799319101827,0.0032926840746521167
H_3_2_2,0.1272657033740036,2.0592332709329612e-05,413,-0.16031385743520843,0.004635317026077953,676,0.0273363,0.0227737,0.0999294033740036,-0.18765015743520844,-0.28757956080921204,0.022773709309951387,0.02324064490547214,0.0046353627664309695
H_5_0_0,0.10517172181169772,2.1513253226946487e-05,413,-0.15044666873166024,0.0009854191565806675,676,-0.2874,0.0291506,0.3925717218116977,0.13695333126833975,-0.25561839054335794,0.029150607938430106,0.029167251006465385,0.000985653962717424
H_5_2_0,-0.10945378515241698,7.779624705020843e-06,413,0.09278047594945478,0.0008924576152512794,676,-0.1128,0.0108818,0.003346214847583018,0.20558047594945478,0.20223426110187176,0.010881802780907241,0.010918335579886708,0.0008924915224138276
H_5_2_1,-0.07275140073406748,3.872888595978111e-06,413,0.07150383926790102,0.000723635034031826,676,-0.239162,0.0047071,0.16641059926593255,0.31066583926790103,0.1442552400019685,0.0047071015932594945,0.00476239835298122,0.0007236453977911549
H_5_2_2,0.005135233318051668,3.887026681070496e-06,413,-0.006872208910069927,0.0010094797029506942,676,0.00774039,0.00610075,-0.002605156681948332,-0.014612598910069927,-0.012007442228121595,0.006100751238288317,0.006183704377892707,0.0010094871864693683
H_6_2_1,0.06297787033730888,4.3653544248518335e-06,413,-0.06363342495342336,0.000147361019136844,676,0.220455,0.0061548,-0.15747712966269112,-0.28408842495342335,-0.12661129529073223,0.006154801548085792,0.006156563839509914,0.00014742566357423621
H_6_2_2,0.04148887669477769,4.9880988551942724e-06,413,-0.0475361675186456,0.0016203612182062062,676,-0.00725049,0.0040279,0.048739366694777686,-0.040285677518645605,-0.08902504421342329,0.004027903088597117,0.004341606717272616,0.0016203688958372688
H_7_2_1,-0.021327975354309053,1.737946493745476e-05,413,0.12861170910478276,0.003197770821626769,676,-0.0667879,0.0239311,0.045459924645690944,0.19539960910478277,0.1499396844590918,0.02393110631073711,0.024143804286765738,0.003197818048834088
H_7_2_2,-0.14111893067364836,2.8931341880714946e-05,413,0.0332401898821079,0.003654785931644574,676,0.00617271,0.0218721,-0.14729164067364836,0.0270674798821079,0.17435912055575625,0.021872119134472155,0.022175351600733348,0.0036549004403253057
H_8_0_0,0.6650610947104588,0.00012762750381304494,413,-0.5721871777015499,0.01220182512553965,676,-0.059,0.119096,0.7240610947104589,-0.51318717770155,-1.2372482724120086,0.11909606838506352,0.11971942930199028,0.012202492580369808
H_8_2_0,-0.1010440938420857,3.2480368802242334e-05,413,0.11880748649404685,0.004895991441306832,676,0.01672,0.0377603,-0.1177640938420857,0.10208748649404685,0.21985158033613256,0.0377603139693562,0.03807638360300712,0.004896099178704132
H_8_2_1,-0.07013944460460748,3.202600050866634e-05,413,-0.07909391808185598,0.0008614977656721208,676,-0.0554256,0.0218198,-0.014713844604607486,-0.02366831808185598,-0.008954473477248495,0.021819823503060436,0.021836800370939376,0.0008620928401086726
H_8_2_2,-0.05410563104396558,1.6294837511394915e-05,413,-0.09904240427427786,0.007511650663177498,676,-0.0102879,0.0258031,-0.04381773104396558,-0.08875450427427786,-0.04493677323031228,0.02580310514515122,0.026874241669219524,0.007511668337150174
